<?xml version="1.0" encoding="UTF-8"?>
<project-private xmlns="http://www.netbeans.org/ns/project-private/1">
    <editor-bookmarks xmlns="http://www.netbeans.org/ns/editor-bookmarks/2" lastBookmarkId="0"/>
    <open-files xmlns="http://www.netbeans.org/ns/projectui-open-files/2">
        <group>
            <file>file:/C:/Users/home/Documents/base-cod-java/c3.unicap.br.ana.ed1/ControleAcademico/src/controle/academico/controller/UiPrincipal.java</file>
            <file>file:/C:/Users/home/Documents/base-cod-java/c3.unicap.br.ana.ed1/ControleAcademico/src/controle/academico/controller/UIcadastroAlunoController.java</file>
            <file>file:/C:/Users/home/Documents/base-cod-java/c3.unicap.br.ana.ed1/ControleAcademico/src/controle/academico/controller/RegistrationUiController.java</file>
            <file>file:/C:/Users/home/Documents/base-cod-java/c3.unicap.br.ana.ed1/ControleAcademico/src/controle/academico/controller/UiAluno.java</file>
        </group>
    </open-files>
</project-private>
